vendor_id,month,received_qty_101,received_qty_102,received_qty_net,gr_line_count,gr_101_line_count,gr_102_line_count,unique_material_count,unique_purchase_order_count
1000200000,2025-02,54498.0,6048.0,48450.0,2719,2622,97,564,3
1000200000,2025-03,63008.0,1351.0,61657.0,3384,3361,23,758,3
1000200000,2025-04,48538.88,28889.0,19649.88,1701,1682,19,860,6
1000200000,2025-05,25397.54,876.0,24521.54,1290,1272,18,628,7
1000200000,2025-06,38274.880000000005,3653.0,34621.880000000005,1022,912,110,339,6
1000200000,2025-07,34460.0,1520.0,32940.0,173,153,20,142,8
1000200000,2025-08,9640.0,6601.0,3039.0,274,90,184,208,17
1000200000,2025-09,9607.0,52.0,9555.0,108,104,4,94,11
1000200000,2025-10,29448.0,2473.0,26975.0,565,539,26,294,8
1000200000,2025-11,23458.52,45748.7,-22290.18,1049,671,378,470,27
1000200000,2025-12,2954.0,994.0,1960.0,106,93,13,92,12
1000200000,2026-01,3087.0,3887.2799999999997,-800.2799999999997,202,186,16,156,11
1000200000,2026-02,1505.0,2.0,1503.0,81,80,1,41,3
1000501600,2025-03,10.0,0.0,10.0,25,25,0,1,1
1000501600,2025-04,0.0,0.0,0.0,5,0,5,0,1
1000501600,2025-10,18.0,0.0,18.0,9,9,0,9,1
1000501600,2025-12,2.0,0.0,2.0,1,1,0,1,1
1000502000,2025-03,4.0,0.0,4.0,1,1,0,1,1
1001000025,2025-03,64.0,0.0,64.0,2,2,0,2,2
1001000025,2025-06,24.0,0.0,24.0,1,1,0,1,1
1001000025,2025-09,16.0,0.0,16.0,1,1,0,1,1
2000000501,2025-12,0.0,1.0,-1.0,1,0,1,1,1
2000000692,2025-03,152.0,8.0,144.0,52,51,1,50,2
2000000692,2025-04,2331.0,60.0,2271.0,66,64,2,21,2
2000000692,2025-05,303.0,0.0,303.0,15,15,0,13,2
2000000692,2025-09,123.0,0.0,123.0,19,19,0,18,2
2000000692,2025-10,4.0,0.0,4.0,1,1,0,1,1
2000000692,2025-11,366.0,0.0,366.0,22,22,0,22,3
2000001452,2025-02,350.0,42.0,308.0,49,44,5,39,2
2000001452,2025-03,304.0,0.0,304.0,42,42,0,41,3
2000001452,2025-04,735.0,22.0,713.0,95,92,3,47,3
2000001452,2025-06,1971.0,0.0,1971.0,82,82,0,43,4
2000001452,2025-07,1069.0,0.0,1069.0,73,73,0,38,3
2000001452,2025-08,47.0,15.0,32.0,14,11,3,7,3
2000001452,2025-12,840.0,0.0,840.0,11,11,0,11,1
2000001452,2026-02,9.0,0.0,9.0,3,3,0,3,3
2000001844,2025-11,0.0,3.0,-3.0,1,0,1,1,1
2000002674,2025-11,0.0,6.0,-6.0,3,0,3,3,1
2000010197,2025-04,10.0,0.0,10.0,1,1,0,1,1
2000033413,2025-03,32.0,0.0,32.0,16,16,0,4,1
2000033413,2025-04,3.0,0.0,3.0,3,3,0,2,3
2000033413,2025-05,34.0,0.0,34.0,18,18,0,4,3
2000033413,2025-06,27.0,0.0,27.0,15,15,0,4,4
2000033413,2025-07,43.0,0.0,43.0,23,23,0,4,5
2000033413,2025-09,65.0,0.0,65.0,33,33,0,4,2
2000033413,2025-10,18.0,0.0,18.0,10,10,0,4,3
2000033413,2025-12,46.0,0.0,46.0,25,25,0,4,6
2000033413,2026-01,106.0,53.0,53.0,6,4,2,2,2
2000033414,2025-05,897.0,0.0,897.0,4,4,0,4,1
2000033415,2025-03,82.0,0.0,82.0,5,5,0,5,5
2000033415,2025-04,68.0,0.0,68.0,13,13,0,12,6
2000033415,2025-05,1238.0,0.0,1238.0,25,25,0,23,5
2000033415,2025-06,221.0,0.0,221.0,5,5,0,5,2
2000033415,2025-07,3.0,0.0,3.0,2,2,0,1,2
2000033415,2025-09,11.0,1.0,10.0,7,6,1,5,4
2000033415,2025-10,38.0,0.0,38.0,3,3,0,3,3
2000033415,2025-11,96.0,0.0,96.0,6,6,0,6,1
2000033415,2025-12,8.0,0.0,8.0,1,1,0,1,1
2000033415,2026-01,22.0,0.0,22.0,5,5,0,4,3
2000033418,2025-02,51.0,0.0,51.0,22,22,0,15,5
2000033418,2025-03,98.0,1.0,97.0,19,18,1,14,5
2000033418,2025-04,19.0,0.0,19.0,4,4,0,3,4
2000033418,2025-05,46.0,0.0,46.0,4,4,0,4,3
2000033418,2025-06,2.0,0.0,2.0,2,2,0,2,2
2000033418,2025-07,4.0,0.0,4.0,3,3,0,2,3
2000033418,2025-08,6.0,5.0,1.0,5,3,2,2,3
2000033418,2025-09,1.0,1.0,0.0,2,1,1,1,2
2000033418,2025-10,9.0,0.0,9.0,6,6,0,3,4
2000033418,2025-11,5.0,0.0,5.0,4,4,0,4,4
2000033418,2025-12,1.0,0.0,1.0,1,1,0,1,1
2000033422,2025-03,368.0,238.0,130.0,20,19,1,10,8
2000033422,2025-04,433.0,0.0,433.0,10,10,0,7,3
2000033422,2025-05,458.0,0.0,458.0,10,10,0,10,4
2000033422,2025-06,162.0,0.0,162.0,9,9,0,9,3
2000033422,2025-07,1.0,0.0,1.0,1,1,0,1,1
2000033422,2025-08,26.0,2.0,24.0,6,5,1,4,2
2000033422,2025-09,145.0,0.0,145.0,12,12,0,6,1
2000033422,2025-10,334.0,0.0,334.0,14,14,0,10,4
2000033422,2025-11,136.0,0.0,136.0,4,4,0,4,1
2000033424,2025-05,40.0,0.0,40.0,8,8,0,8,1
2000033424,2025-07,1536.0,0.0,1536.0,2,2,0,2,1
2000033424,2025-09,1536.0,0.0,1536.0,2,2,0,2,1
2000033424,2025-10,1536.0,0.0,1536.0,2,2,0,2,1
2000033424,2025-12,1536.0,0.0,1536.0,2,2,0,2,1
2000033430,2025-03,32.0,0.0,32.0,1,1,0,1,1
2000033430,2025-06,40.0,0.0,40.0,1,1,0,1,1
2000033430,2025-09,71.0,0.0,71.0,5,5,0,1,5
2000033432,2025-02,0.0,0.0,0.0,3,3,0,0,3
2000033432,2025-03,0.0,0.0,0.0,1,1,0,0,1
2000033432,2025-04,0.0,0.0,0.0,1,1,0,0,1
2000033432,2025-05,0.0,0.0,0.0,2,1,1,0,1
2000033432,2025-10,0.0,0.0,0.0,10,10,0,0,3
2000033432,2025-11,0.0,0.0,0.0,1,1,0,0,1
2000033432,2026-02,0.0,0.0,0.0,1,1,0,0,1
2000033434,2025-03,69.0,0.0,69.0,10,10,0,9,2
2000033434,2025-05,150.0,0.0,150.0,2,2,0,2,1
2000033434,2025-06,221.0,0.0,221.0,6,6,0,6,4
2000033434,2025-07,334.0,100.0,234.0,15,14,1,13,5
2000033434,2025-08,47.0,2.0,45.0,5,4,1,4,2
2000033434,2025-09,78.0,0.0,78.0,9,9,0,9,3
2000033434,2025-10,30.0,0.0,30.0,3,3,0,3,1
2000033435,2025-02,520.0,144.0,376.0,9,8,1,4,3
2000033435,2025-03,343.0,0.0,343.0,9,9,0,8,5
2000033435,2025-04,111.0,0.0,111.0,5,5,0,4,4
2000033435,2025-06,20.0,0.0,20.0,1,1,0,1,1
2000033435,2025-07,100.0,20.0,80.0,13,11,2,3,5
2000033435,2025-08,116.0,0.0,116.0,9,6,3,3,3
2000033435,2025-09,42.0,0.0,42.0,3,2,1,2,2
2000033435,2025-11,0.0,0.0,0.0,8,4,4,0,1
2000033435,2025-12,325.0,20.0,305.0,20,14,6,7,1
2000033440,2025-02,0.0,0.0,0.0,1,1,0,0,1
2000033440,2025-03,205.0,0.0,205.0,12,12,0,2,4
2000033440,2025-04,1610.0,2.0,1608.0,10,8,2,5,5
2000033440,2025-05,56136.0,16294.0,39842.0,125,49,76,112,5
2000033440,2025-06,0.0,0.0,0.0,10,10,0,0,3
2000033440,2025-07,0.0,0.0,0.0,3,3,0,0,2
2000033440,2025-08,28062.0,0.0,28062.0,7,7,0,5,4
2000033440,2025-09,0.0,0.0,0.0,5,5,0,0,2
2000033440,2025-10,422.0,0.0,422.0,11,11,0,1,4
2000033440,2025-11,1029.0,0.0,1029.0,12,12,0,1,5
2000033440,2025-12,2650.0,0.0,2650.0,7,7,0,1,3
2000033440,2026-01,0.0,0.0,0.0,2,2,0,0,1
2000033440,2026-02,659.0,0.0,659.0,1,1,0,1,1
2000033451,2025-02,124.0,0.0,124.0,6,6,0,4,2
2000033451,2025-03,96.0,0.0,96.0,4,4,0,2,1
2000033451,2025-05,36.0,0.0,36.0,2,2,0,2,1
2000033451,2025-07,72.0,0.0,72.0,2,2,0,2,1
2000033451,2025-09,100.0,0.0,100.0,4,4,0,4,2
2000033464,2025-02,32.0,0.0,32.0,2,2,0,2,1
2000033464,2025-03,25700.0,4364.0,21336.0,68,66,2,53,6
2000033464,2025-04,205.0,0.0,205.0,14,14,0,8,14
2000033464,2025-05,431.0,0.0,431.0,20,20,0,11,12
2000033464,2025-06,730.0,136.0,594.0,27,26,1,15,10
2000033464,2025-07,547.0,0.0,547.0,15,15,0,12,1
2000033464,2025-08,200.0,20.0,180.0,14,12,2,11,1
2000033464,2025-09,120.0,9.0,111.0,9,8,1,8,1
2000033464,2025-10,2110.0,0.0,2110.0,32,32,0,14,20
2000033464,2025-11,5.0,0.0,5.0,5,5,0,3,5
2000033464,2025-12,0.0,0.0,0.0,2,1,1,0,1
2000033464,2026-01,4.0,0.0,4.0,1,1,0,1,1
2000033464,2026-02,8.0,0.0,8.0,3,3,0,1,3
2000033467,2025-02,0.0,0.0,0.0,1,1,0,0,1
2000033467,2025-03,0.0,0.0,0.0,5,5,0,0,4
2000033467,2025-04,12.0,0.0,12.0,7,7,0,1,3
2000033467,2025-07,0.0,0.0,0.0,1,1,0,0,1
2000033474,2025-03,100.0,0.0,100.0,1,1,0,1,1
2000033474,2025-04,10980.0,36.0,10944.0,108,107,1,65,6
2000033474,2025-05,56.0,0.0,56.0,9,9,0,8,7
2000033474,2025-06,107.0,0.0,107.0,9,9,0,8,6
2000033474,2025-07,3133.0,3.0,3130.0,59,58,1,54,4
2000033474,2025-08,3.0,0.0,3.0,2,2,0,2,2
2000033474,2025-09,710.0,0.0,710.0,6,6,0,6,4
2000033474,2025-11,21.0,1.0,20.0,11,10,1,5,5
2000033474,2026-01,100.0,0.0,100.0,1,1,0,1,1
2000033475,2025-03,47.0,0.0,47.0,7,7,0,5,2
2000033475,2025-04,93.0,80.0,13.0,13,8,5,5,2
2000033475,2025-05,36.0,0.0,36.0,11,11,0,11,1
2000033475,2025-06,627.0,313.0,314.0,50,33,17,15,3
2000033475,2025-07,273.0,3.0,270.0,7,6,1,5,3
2000033475,2025-09,4.0,0.0,4.0,2,2,0,1,2
2000033475,2026-02,75.0,0.0,75.0,10,10,0,4,6
2000033479,2025-02,290.0,0.0,290.0,3,3,0,1,2
2000033479,2025-03,128.0,0.0,128.0,1,1,0,1,1
2000033479,2025-05,160.0,0.0,160.0,1,1,0,1,1
2000033479,2025-06,320.0,0.0,320.0,1,1,0,1,1
2000033479,2025-07,168.0,0.0,168.0,1,1,0,1,1
2000033479,2025-09,136.0,0.0,136.0,1,1,0,1,1
2000033479,2025-12,207.0,0.0,207.0,2,2,0,2,2
2000033479,2026-01,132.0,0.0,132.0,1,1,0,1,1
2000033485,2025-05,1226.0,0.0,1226.0,45,45,0,45,1
2000033485,2025-08,46.0,0.0,46.0,40,40,0,40,1
2000033486,2025-02,5373.0,0.0,5373.0,137,137,0,44,3
2000033486,2025-03,9682.0,0.0,9682.0,292,292,0,67,5
2000033486,2025-04,20313.0,2400.0,17913.0,383,381,2,68,7
2000033486,2025-05,9841.0,3265.0,6576.0,314,311,3,53,6
2000033486,2025-06,8441.0,0.0,8441.0,307,307,0,74,5
2000033486,2025-07,4950.0,0.0,4950.0,162,162,0,55,4
2000033486,2025-08,1153.0,0.0,1153.0,52,52,0,15,4
2000033486,2025-09,7738.0,392.0,7346.0,227,226,1,73,5
2000033486,2025-10,958.0,764.0,194.0,20,16,4,10,6
2000033486,2025-11,6379.0,1.0,6378.0,253,252,1,59,3
2000033486,2025-12,8088.0,470.0,7618.0,332,330,2,70,5
2000033486,2026-01,1.0,0.0,1.0,1,1,0,1,1
2000033486,2026-02,158.0,3.0,155.0,21,18,3,14,3
2000033502,2025-02,24.0,8.0,16.0,4,3,1,1,2
2000033502,2025-03,28.0,0.0,28.0,4,4,0,2,3
2000033502,2025-04,16.0,1.0,15.0,3,2,1,2,3
2000033502,2025-05,21.0,0.0,21.0,3,3,0,2,3
2000033502,2025-06,16.0,0.0,16.0,2,2,0,1,1
2000033502,2025-07,1055.0,0.0,1055.0,10,10,0,8,4
2000033502,2025-08,21.0,0.0,21.0,3,3,0,1,2
2000033502,2025-09,32.0,8.0,24.0,5,4,1,1,1
2000033502,2025-10,130.0,53.0,77.0,6,5,1,1,2
2000033502,2025-11,32.0,8.0,24.0,5,4,1,1,1
2000033502,2025-12,33.0,29.0,4.0,8,5,3,4,3
2000033502,2026-01,4.0,0.0,4.0,2,2,0,1,2
2000033502,2026-02,8.0,0.0,8.0,1,1,0,1,1
2000033506,2025-04,0.0,729.0,-729.0,8,0,8,7,2
2000033507,2025-02,5.0,0.0,5.0,4,4,0,1,4
2000033507,2025-03,436.0,0.0,436.0,52,52,0,24,3
2000033507,2025-04,7.0,14.0,-7.0,8,7,1,5,8
2000033507,2025-05,5854.0,12.0,5842.0,30,29,1,12,2
2000033507,2025-06,4486.0,0.0,4486.0,7,7,0,4,6
2000033507,2025-07,182.0,0.0,182.0,15,15,0,15,1
2000033507,2025-08,162.0,0.0,162.0,9,9,0,5,5
2000033507,2025-09,75.0,4.0,71.0,11,10,1,11,2
2000033507,2025-10,260.0,0.0,260.0,8,8,0,5,5
2000033507,2025-11,31.0,0.0,31.0,2,2,0,1,2
2000033507,2025-12,24.0,0.0,24.0,1,1,0,1,1
2000033507,2026-01,32.0,0.0,32.0,2,2,0,2,1
2000033509,2025-03,7.0,2.0,5.0,4,3,1,3,2
2000033509,2025-04,4.0,0.0,4.0,2,2,0,1,2
2000033509,2025-05,6.0,0.0,6.0,2,2,0,2,1
2000033509,2025-06,3.0,0.0,3.0,1,1,0,1,1
2000033509,2025-07,7.0,0.0,7.0,3,3,0,1,2
2000033509,2025-08,4.0,0.0,4.0,2,2,0,2,2
2000033509,2025-09,3.0,0.0,3.0,1,1,0,1,1
2000033509,2025-10,6.0,6.0,0.0,3,1,2,1,1
2000033509,2025-11,3.0,0.0,3.0,2,2,0,1,2
2000033509,2025-12,2.0,0.0,2.0,1,1,0,1,1
2000033509,2026-01,5.0,0.0,5.0,1,1,0,1,1
2000033510,2025-02,86.0,0.0,86.0,10,10,0,9,4
2000033510,2025-03,128.0,0.0,128.0,11,11,0,11,2
2000033510,2025-04,92.0,0.0,92.0,10,10,0,10,1
2000033510,2025-05,750.0,0.0,750.0,32,32,0,21,4
2000033510,2025-06,1292.0,0.0,1292.0,6,6,0,6,2
2000033510,2025-07,104.0,0.0,104.0,13,12,1,10,3
2000033510,2025-08,51.0,0.0,51.0,8,8,0,8,2
2000033510,2025-09,122.0,0.0,122.0,18,18,0,11,2
2000033510,2025-10,104.0,0.0,104.0,17,17,0,10,1
2000033510,2025-12,152.0,0.0,152.0,10,10,0,10,1
2000033510,2026-02,7.0,0.0,7.0,4,4,0,3,1
2000033511,2025-02,156.0,0.0,156.0,13,13,0,13,1
2000033511,2025-04,368.0,221.0,147.0,15,14,1,14,3
2000033511,2025-05,44.0,0.0,44.0,1,1,0,1,1
2000033511,2025-06,48.0,0.0,48.0,2,2,0,2,1
2000033511,2025-08,1048.0,0.0,1048.0,26,26,0,26,1
2000033511,2025-10,552.0,0.0,552.0,7,7,0,7,1
2000033511,2025-11,519.0,0.0,519.0,19,19,0,18,1
2000033511,2026-01,620.0,0.0,620.0,7,7,0,7,1
2000033514,2025-03,0.0,0.0,0.0,1,1,0,0,1
2000033514,2025-08,0.0,0.0,0.0,1,1,0,0,1
2000033514,2025-11,0.0,0.0,0.0,1,1,0,0,1
2000033516,2025-04,0.0,17.0,-17.0,1,0,1,1,1
2000033516,2025-05,116.0,15.0,101.0,10,9,1,7,2
2000033524,2025-03,21.0,0.0,21.0,3,3,0,3,1
2000033524,2025-04,28.0,0.0,28.0,13,13,0,4,10
2000033524,2025-05,9.0,0.0,9.0,3,3,0,3,2
2000033524,2025-06,18.0,0.0,18.0,3,3,0,3,1
2000033524,2025-07,15.0,0.0,15.0,3,3,0,3,1
2000033524,2025-08,16.0,0.0,16.0,5,5,0,4,2
2000033524,2025-09,9.0,0.0,9.0,9,9,0,2,2
2000033524,2025-11,3.0,0.0,3.0,2,2,0,1,2
2000034089,2025-05,29019.0,0.0,29019.0,34,34,0,33,1
2000034091,2025-02,9212.0,0.0,9212.0,25,25,0,21,6
2000034091,2025-03,18258.0,98.0,18160.0,121,119,2,71,8
2000034091,2025-04,12573.0,20.0,12553.0,121,118,3,49,9
2000034091,2025-05,11551.0,0.0,11551.0,165,165,0,122,15
2000034091,2025-06,490.0,0.0,490.0,24,24,0,15,6
2000034091,2025-07,49956.0,774.0,49182.0,211,208,3,53,16
2000034091,2025-08,45188.58,16.0,45172.58,241,237,4,175,8
2000034091,2025-09,11963.0,0.0,11963.0,177,177,0,88,12
2000034091,2025-10,35135.0,0.0,35135.0,172,172,0,55,7
2000034091,2025-11,24864.0,0.0,24864.0,106,106,0,47,9
2000034091,2025-12,16498.0,0.0,16498.0,114,114,0,48,4
2000034091,2026-01,10850.0,1.0,10849.0,65,64,1,33,1
2000034091,2026-02,32.0,0.0,32.0,1,1,0,1,1
2000034092,2025-04,1524.0,0.0,1524.0,1,1,0,1,1
2000034094,2025-03,5215.0,0.0,5215.0,12,12,0,9,3
2000034094,2025-04,10.0,0.0,10.0,1,1,0,1,1
2000034094,2025-06,565.0,0.0,565.0,18,18,0,6,1
2000034094,2025-08,1277.0,0.0,1277.0,11,11,0,11,1
2000034094,2025-09,274.0,0.0,274.0,9,9,0,6,2
2000034094,2025-10,403.0,0.0,403.0,3,3,0,3,1
2000034094,2025-11,1.0,0.0,1.0,1,1,0,1,1
2000034098,2025-02,1000.0,0.0,1000.0,4,4,0,1,2
2000034098,2025-03,0.0,0.0,0.0,13,13,0,0,2
2000034098,2025-04,100.0,0.0,100.0,15,15,0,1,5
2000034098,2025-05,1300.0,0.0,1300.0,8,8,0,1,4
2000034098,2025-07,0.0,0.0,0.0,9,9,0,0,3
2000034098,2025-08,52.0,2.0,50.0,6,4,2,1,1
2000034098,2025-09,0.0,0.0,0.0,5,5,0,0,1
2000034098,2026-01,0.0,0.0,0.0,1,1,0,0,1
2000034106,2025-03,0.0,0.0,0.0,1,1,0,0,1
2000034120,2025-02,0.0,0.0,0.0,15,15,0,0,7
2000034120,2025-03,0.0,0.0,0.0,48,48,0,0,15
2000034120,2025-04,1000.0,0.0,1000.0,30,29,1,1,16
2000034120,2025-05,0.0,0.0,0.0,24,22,2,0,15
2000034120,2025-06,0.0,0.0,0.0,21,19,2,0,11
2000034120,2025-07,0.0,0.0,0.0,11,11,0,0,8
2000034120,2025-08,0.0,0.0,0.0,1,0,1,0,1
2000034120,2025-09,0.0,0.0,0.0,10,8,2,0,3
2000034120,2025-10,0.0,0.0,0.0,1,1,0,0,1
2000034120,2026-01,0.0,0.0,0.0,1,1,0,0,1
2000034129,2025-02,8.0,0.0,8.0,1,1,0,1,1
2000034129,2025-03,169.0,0.0,169.0,32,32,0,32,3
2000034129,2025-04,4.0,1.0,3.0,3,2,1,1,1
2000034129,2025-05,32.0,0.0,32.0,4,4,0,4,3
2000034129,2025-06,252.0,0.0,252.0,28,28,0,28,2
2000034129,2025-07,160.0,0.0,160.0,14,14,0,14,2
2000034129,2025-09,104.0,0.0,104.0,19,19,0,19,1
2000034129,2025-12,42.0,25.0,17.0,4,2,2,2,2
2000034130,2025-02,0.0,0.0,0.0,7,6,1,0,2
2000034130,2025-03,0.0,0.0,0.0,10,10,0,0,4
2000034130,2025-04,0.0,0.0,0.0,18,17,1,0,6
2000034130,2025-05,0.0,0.0,0.0,39,38,1,0,10
2000034130,2025-06,0.0,0.0,0.0,8,7,1,0,5
2000034130,2025-07,0.0,0.0,0.0,5,5,0,0,5
2000034130,2025-08,0.0,0.0,0.0,1,1,0,0,1
2000034130,2025-09,0.0,0.0,0.0,4,4,0,0,3
2000034130,2025-10,0.0,0.0,0.0,1,1,0,0,1
2000034130,2025-12,0.0,0.0,0.0,1,1,0,0,1
2000034134,2025-02,1.0,0.0,1.0,1,1,0,1,1
2000034134,2025-03,438.0,0.0,438.0,39,39,0,32,5
2000034134,2025-04,45.0,0.0,45.0,1,1,0,1,1
2000034134,2025-05,20.0,0.0,20.0,9,9,0,9,5
2000034134,2025-06,196.0,0.0,196.0,30,30,0,19,11
2000034134,2025-07,47.0,0.0,47.0,8,8,0,6,4
2000034134,2025-08,131.0,0.0,131.0,18,18,0,14,10
2000034134,2025-09,2060.0,878.0,1182.0,43,31,12,7,5
2000034134,2025-10,38.0,15.0,23.0,9,7,2,5,3
2000034134,2025-11,71.0,5.0,66.0,8,7,1,5,5
2000034134,2025-12,13.0,0.0,13.0,6,6,0,4,4
2000034134,2026-01,3.0,0.0,3.0,2,2,0,2,1
2000034134,2026-02,1.0,0.0,1.0,1,1,0,1,1
2000034135,2025-02,240.0,0.0,240.0,4,4,0,3,3
2000034135,2025-03,598.0,5.0,593.0,12,11,1,8,5
2000034135,2025-04,724.0,0.0,724.0,12,12,0,10,6
2000034135,2025-05,27.0,0.0,27.0,1,1,0,1,1
2000034135,2025-06,26.0,4.0,22.0,10,9,1,6,6
2000034135,2025-07,83.0,6.0,77.0,16,14,2,8,9
2000034135,2025-08,16.0,1.0,15.0,7,6,1,4,4
2000034135,2025-09,26.0,2.0,24.0,7,6,1,3,4
2000034135,2025-10,12.0,0.0,12.0,4,4,0,2,3
2000034135,2025-11,6.0,0.0,6.0,5,5,0,3,5
2000034135,2025-12,24.0,0.0,24.0,3,3,0,1,3
2000034135,2026-01,56.0,0.0,56.0,1,1,0,1,1
2000034135,2026-02,542.0,0.0,542.0,3,3,0,3,1
2000034142,2025-02,378.0,0.0,378.0,20,20,0,12,2
2000034142,2025-03,5992.0,352.0,5640.0,189,185,4,35,9
2000034142,2025-04,1620.0,75.0,1545.0,68,63,5,26,5
2000034142,2025-05,6753.0,1040.0,5713.0,112,96,16,83,8
2000034142,2025-06,7096.0,5673.0,1423.0,151,113,38,59,7
2000034142,2025-07,1207.0,836.0,371.0,75,51,24,33,7
2000034142,2025-08,608.0,8.0,600.0,37,36,1,11,2
2000034142,2025-09,201.0,0.0,201.0,10,10,0,10,2
2000034142,2025-10,2544.0,156.0,2388.0,98,89,9,17,3
2000034142,2025-11,510.0,24.0,486.0,35,32,3,11,3
2000034142,2025-12,993.0,0.0,993.0,54,54,0,14,6
2000034142,2026-01,303.0,8.0,295.0,26,24,2,16,6
2000034142,2026-02,18.0,8.0,10.0,3,2,1,2,2
2000034144,2025-02,0.0,0.0,0.0,25,25,0,0,9
2000034144,2025-03,300.0,100.0,200.0,35,33,2,2,13
2000034144,2025-04,50.0,0.0,50.0,39,34,5,1,13
2000034144,2025-05,0.0,0.0,0.0,44,41,3,0,15
2000034144,2025-06,0.0,0.0,0.0,8,8,0,0,6
2000034144,2025-07,0.0,0.0,0.0,30,30,0,0,11
2000034144,2025-08,0.0,0.0,0.0,10,10,0,0,7
2000034144,2025-09,0.0,0.0,0.0,19,19,0,0,3
2000034144,2025-10,77.0,0.0,77.0,19,19,0,6,5
2000034144,2025-11,33.0,33.0,0.0,35,32,3,3,11
2000034144,2025-12,0.0,0.0,0.0,13,13,0,0,4
2000034144,2026-01,0.0,0.0,0.0,13,13,0,0,4
2000034144,2026-02,0.0,0.0,0.0,1,1,0,0,1
2000034146,2025-03,0.0,0.0,0.0,4,4,0,0,1
2000034146,2025-05,0.0,0.0,0.0,3,3,0,0,1
2000034146,2025-06,0.0,0.0,0.0,4,4,0,0,1
2000034146,2025-08,0.0,0.0,0.0,4,4,0,0,1
2000034146,2025-10,0.0,0.0,0.0,4,4,0,0,1
2000034146,2026-02,0.0,0.0,0.0,2,2,0,0,1
2000034153,2025-04,31.0,0.0,31.0,4,4,0,2,2
2000034153,2025-08,40.0,0.0,40.0,2,2,0,2,1
2000034153,2025-09,40.0,0.0,40.0,4,4,0,3,3
2000034153,2025-11,34.0,20.0,14.0,6,4,2,5,3
2000034153,2025-12,32.0,0.0,32.0,2,2,0,2,1
2000034153,2026-01,264.0,0.0,264.0,5,5,0,2,1
2000034165,2025-03,102.0,0.0,102.0,3,3,0,3,1
2000034165,2025-04,3000.0,1500.0,1500.0,3,2,1,1,1
2000034165,2025-05,208894.2,0.0,208894.2,51,51,0,49,3
2000034165,2025-06,1982.0,199694.2,-197712.2,52,3,49,50,3
2000034165,2025-09,770.0,200.0,570.0,5,4,1,4,3
2000034165,2025-10,10000.0,0.0,10000.0,1,1,0,1,1
2000034165,2025-11,15.0,0.0,15.0,1,1,0,1,1
2000034165,2025-12,60.0,0.0,60.0,2,2,0,1,2
2000034167,2025-06,0.0,0.0,0.0,3,3,0,0,1
2000034181,2025-02,0.0,0.0,0.0,21,21,0,0,4
2000034181,2025-03,0.0,0.0,0.0,20,20,0,0,6
2000034181,2025-04,0.0,0.0,0.0,6,5,1,0,4
2000034181,2025-05,0.0,0.0,0.0,32,32,0,0,6
2000034181,2025-06,0.0,0.0,0.0,11,11,0,0,4
2000034181,2025-07,0.0,0.0,0.0,3,3,0,0,1
2000034181,2025-08,55.0,0.0,55.0,10,10,0,1,4
2000034181,2025-09,0.0,0.0,0.0,29,29,0,0,2
2000034181,2025-10,55.0,0.0,55.0,7,7,0,1,3
2000034181,2025-11,0.0,0.0,0.0,16,16,0,0,1
2000034181,2025-12,0.0,0.0,0.0,20,4,16,0,2
2000034181,2026-02,0.0,0.0,0.0,3,3,0,0,1
2000034186,2025-02,804.0,0.0,804.0,91,91,0,41,6
2000034186,2025-03,3154.0,0.0,3154.0,117,117,0,64,13
2000034186,2025-04,1314.0,8.0,1306.0,159,158,1,56,24
2000034186,2025-05,4608.0,3.0,4605.0,180,179,1,128,29
2000034186,2025-06,1369.0,4.0,1365.0,47,46,1,30,10
2000034186,2025-07,3572.0,276.0,3296.0,154,147,7,77,17
2000034186,2025-08,3269.0,20.0,3249.0,90,89,1,40,16
2000034186,2025-09,3938.0,2.0,3936.0,162,160,2,61,9
2000034186,2025-10,5681.0,1446.0,4235.0,203,193,10,106,13
2000034186,2025-11,29647.89,1466.0,28181.89,361,318,43,259,14
2000034186,2025-12,10804.0,5296.0,5508.0,454,322,132,189,13
2000034186,2026-01,3939.0,160.0,3779.0,133,130,3,76,10
2000034186,2026-02,3224.0,56.0,3168.0,61,60,1,58,3
2000034360,2025-02,44.0,0.0,44.0,5,5,0,4,3
2000034360,2025-03,19.0,0.0,19.0,3,3,0,3,2
2000034360,2025-04,26.0,0.0,26.0,3,3,0,3,1
2000034360,2025-08,38.0,0.0,38.0,5,5,0,3,3
2000034360,2025-11,36.0,0.0,36.0,3,3,0,3,1
2000034444,2025-05,723.0,0.0,723.0,14,14,0,14,1
2000034468,2025-04,0.0,19.0,-19.0,3,0,3,3,1
2000034468,2025-05,10143.0,0.0,10143.0,105,105,0,98,1
2000034468,2025-10,587.0,0.0,587.0,36,36,0,36,1
2000034764,2025-02,72272.0,0.0,72272.0,30,30,0,28,2
2000034764,2025-03,120731.0,0.0,120731.0,58,58,0,50,3
2000034764,2025-04,44732.0,0.0,44732.0,30,30,0,28,3
2000034764,2025-05,9749.0,240.0,9509.0,19,17,2,19,2
2000034764,2025-06,127762.0,0.0,127762.0,32,32,0,30,2
2000034764,2025-07,153549.0,0.0,153549.0,45,45,0,40,3
2000034764,2025-08,35591.0,0.0,35591.0,29,29,0,27,4
2000034764,2025-09,40660.0,2325.0,38335.0,44,36,8,29,4
2000034764,2025-10,6421.0,2000.0,4421.0,13,12,1,8,4
2000034764,2025-11,38879.0,15579.0,23300.0,32,10,22,25,5
2000034815,2025-02,0.0,0.0,0.0,5,5,0,0,1
2000034892,2025-05,144.0,0.0,144.0,10,10,0,10,1
2000034892,2025-07,1.0,1.0,0.0,2,1,1,1,1
2000035015,2025-02,1.0,0.0,1.0,1,1,0,1,1
2000035015,2025-03,0.0,0.0,0.0,2,2,0,0,1
2000035015,2025-04,3.0,0.0,3.0,4,4,0,1,3
2000035015,2025-05,2.0,0.0,2.0,1,1,0,1,1
2000035015,2025-06,6.0,0.0,6.0,2,2,0,1,2
2000035015,2025-07,8.0,0.0,8.0,2,2,0,2,1
2000035015,2025-08,8.0,0.0,8.0,3,3,0,2,3
2000035015,2025-10,12.0,0.0,12.0,1,1,0,1,1
2000035015,2025-11,12.0,0.0,12.0,1,1,0,1,1
2000035392,2025-02,3118.0,0.0,3118.0,1,1,0,1,1
2000035392,2025-03,64.0,0.0,64.0,4,4,0,4,3
2000035392,2025-04,895.0,0.0,895.0,13,13,0,10,5
2000035392,2025-05,95.0,0.0,95.0,4,4,0,4,3
2000035392,2025-06,70.0,1.0,69.0,4,3,1,2,2
2000035392,2025-07,21.0,0.0,21.0,3,3,0,3,3
2000035392,2025-08,4745.0,0.0,4745.0,8,8,0,8,1
2000035392,2025-09,1.0,0.0,1.0,1,1,0,1,1
2000035392,2025-12,2.0,0.0,2.0,1,1,0,1,1
2000035447,2025-07,64.0,0.0,64.0,1,1,0,1,1
2000035447,2025-09,64.0,0.0,64.0,1,1,0,1,1
2000035447,2025-11,64.0,0.0,64.0,1,1,0,1,1
2000035447,2025-12,64.0,0.0,64.0,1,1,0,1,1
2000036159,2025-02,250.0,0.0,250.0,10,10,0,9,6
2000036159,2025-03,1085.0,182.0,903.0,51,44,7,27,7
2000036159,2025-04,3207.0,1280.0,1927.0,129,97,32,70,22
2000036159,2025-05,1094.0,0.0,1094.0,47,47,0,39,13
2000036159,2025-06,5770.0,16.0,5754.0,86,84,2,74,14
2000036159,2025-07,201.0,133.0,68.0,16,9,7,8,5
2000036159,2025-08,341.0,1.0,340.0,25,24,1,19,10
2000036159,2025-09,1859.0,16.0,1843.0,21,20,1,19,4
2000036159,2025-10,26.0,0.0,26.0,7,7,0,5,5
2000036159,2025-11,386.0,24.0,362.0,11,9,2,7,3
2000036159,2025-12,293.0,285.0,8.0,48,27,21,13,11
2000036159,2026-01,482.0,66.0,416.0,70,61,9,42,13
2000036159,2026-02,360.0,0.0,360.0,11,11,0,10,3
2000036532,2025-05,249.0,0.0,249.0,37,37,0,35,1
2000036608,2025-02,10750.0,0.0,10750.0,8,8,0,6,2
2000036608,2025-03,45039.0,250.0,44789.0,21,20,1,8,3
2000036608,2025-04,121760.0,20000.0,101760.0,22,21,1,10,3
2000036608,2025-05,72500.0,0.0,72500.0,2,2,0,1,2
2000036608,2025-09,1000.0,0.0,1000.0,1,1,0,1,1
2000036608,2025-10,11000.0,0.0,11000.0,2,2,0,1,2
2000036608,2025-11,12.0,0.0,12.0,2,2,0,1,1
2000036608,2026-01,10356.0,53.0,10303.0,10,9,1,8,2
2000036747,2025-02,124.0,0.0,124.0,35,35,0,35,2
2000036747,2025-03,554.0,2.0,552.0,36,35,1,34,1
2000036747,2025-05,938.0,0.0,938.0,22,22,0,22,2
2000036747,2025-06,0.0,0.0,0.0,8,8,0,0,1
2000036747,2025-07,5.0,0.0,5.0,1,1,0,1,1
2000036747,2025-08,16000.0,0.0,16000.0,1,1,0,1,1
2000036747,2025-11,0.0,0.0,0.0,2,2,0,0,1
2000036760,2025-06,90.0,0.0,90.0,1,1,0,1,1
2000036760,2025-07,1.0,0.0,1.0,1,1,0,1,1
2000037176,2025-05,2.0,0.0,2.0,1,1,0,1,1
2000037257,2025-04,0.0,18.0,-18.0,3,0,3,3,1
2000037257,2025-05,61.0,15.0,46.0,12,11,1,11,2
2000037929,2025-04,0.0,0.0,0.0,1,1,0,0,1
2000037929,2025-05,0.0,0.0,0.0,1,1,0,0,1
2000037932,2025-03,16.0,0.0,16.0,1,1,0,1,1
2000037932,2025-04,0.0,23.0,-23.0,3,0,3,3,1
2000037932,2025-05,220.0,0.0,220.0,17,17,0,16,1
2000037933,2025-05,60.0,0.0,60.0,9,9,0,9,1
2000038267,2025-05,786.0,0.0,786.0,8,8,0,7,1
2000038271,2025-04,0.0,48.0,-48.0,13,0,13,6,1
2000038271,2025-05,2228.0,0.0,2228.0,20,20,0,13,1
2000038474,2025-04,0.0,4.0,-4.0,1,0,1,1,1
2000038916,2025-05,1945.0,0.0,1945.0,26,26,0,24,1
2000038916,2025-07,28377.0,0.0,28377.0,199,199,0,176,2
2000038917,2025-05,289.0,0.0,289.0,7,7,0,6,1
2000039130,2025-02,0.0,0.0,0.0,19,19,0,0,1
2000039130,2025-03,0.0,0.0,0.0,21,21,0,0,3
2000039130,2025-04,0.0,0.0,0.0,7,7,0,0,2
2000039130,2025-05,0.0,0.0,0.0,25,25,0,0,4
2000039130,2025-06,0.0,0.0,0.0,20,20,0,0,1
2000039130,2025-07,0.0,0.0,0.0,13,13,0,0,1
2000039130,2025-08,0.0,0.0,0.0,23,23,0,0,1
2000039130,2025-09,0.0,0.0,0.0,12,12,0,0,1
2000039130,2025-10,0.0,0.0,0.0,8,8,0,0,1
2000039130,2025-11,0.0,0.0,0.0,33,33,0,0,3
2000039130,2025-12,0.0,0.0,0.0,3,3,0,0,1
2000039130,2026-01,0.0,0.0,0.0,8,8,0,0,1
2000039499,2025-05,10.0,0.0,10.0,1,1,0,1,1
2000039500,2025-05,121798.0,0.0,121798.0,19,19,0,19,1
2000039501,2025-04,0.0,7.0,-7.0,3,0,3,3,1
2000039502,2025-05,9.0,0.0,9.0,2,2,0,2,1
2000039561,2025-02,142.0,0.0,142.0,7,7,0,7,2
2000039561,2025-03,5.0,0.0,5.0,1,1,0,1,1
2000039561,2025-04,53.0,0.0,53.0,8,8,0,8,4
2000039561,2025-05,36.0,1.0,35.0,7,6,1,6,3
2000039561,2025-07,6.0,0.0,6.0,2,2,0,2,2
2000039561,2025-08,31.0,0.0,31.0,3,3,0,2,2
2000039561,2025-09,33.0,0.0,33.0,4,4,0,4,2
2000039561,2025-10,10.0,0.0,10.0,2,2,0,2,1
2000039561,2025-11,46.0,0.0,46.0,10,10,0,5,8
2000039561,2025-12,4.0,0.0,4.0,1,1,0,1,1
2000039561,2026-01,0.0,0.0,0.0,1,1,0,0,1
2000039561,2026-02,3.0,0.0,3.0,2,2,0,2,2
2000040241,2025-03,400.0,0.0,400.0,7,7,0,7,4
2000040241,2025-04,25.0,0.0,25.0,7,7,0,6,4
2000040241,2025-05,70.0,0.0,70.0,4,4,0,4,3
2000040241,2025-06,179.0,1.0,178.0,5,4,1,3,2
2000040241,2025-07,26.0,10.0,16.0,14,10,4,5,3
2000040241,2025-08,108.0,0.0,108.0,9,9,0,8,5
2000040241,2025-09,53.0,13.0,40.0,7,6,1,5,5
2000040241,2025-10,45.0,0.0,45.0,3,3,0,2,2
2000040241,2025-11,42.0,0.0,42.0,3,3,0,2,3
2000040241,2026-01,53.0,0.0,53.0,2,2,0,2,2
2000040242,2025-05,15.0,0.0,15.0,1,1,0,1,1
2000040337,2025-05,13.0,0.0,13.0,2,2,0,2,2
2000040738,2025-05,203.0,0.0,203.0,19,19,0,17,1
2000040739,2025-05,14.0,0.0,14.0,4,4,0,4,1
2000042178,2025-03,44.0,4.0,40.0,3,2,1,1,2
2000042178,2025-04,1.0,0.0,1.0,1,1,0,1,1
2000042178,2025-08,0.0,0.0,0.0,2,2,0,0,1
2000046101,2025-02,0.0,0.0,0.0,2,2,0,0,1
2000046101,2025-04,0.0,0.0,0.0,2,2,0,0,1
2000046781,2025-02,0.0,0.0,0.0,1,1,0,0,1
2000046781,2025-03,0.0,0.0,0.0,1,1,0,0,1
2000046781,2025-04,0.0,0.0,0.0,8,6,2,0,2
2000046781,2025-05,0.0,0.0,0.0,1,1,0,0,1
2000046781,2025-06,0.0,0.0,0.0,1,1,0,0,1
2000046781,2025-07,0.0,0.0,0.0,2,2,0,0,1
2000046781,2026-01,0.0,0.0,0.0,1,1,0,0,1
2000047746,2025-07,27.0,0.0,27.0,2,2,0,2,1
2000047996,2025-05,2339.0,0.0,2339.0,11,11,0,11,1
2000048498,2025-05,60.0,0.0,60.0,7,7,0,7,1
2000048498,2026-02,4.0,0.0,4.0,2,2,0,1,1
2000049283,2025-05,44.0,0.0,44.0,7,7,0,6,1
2000049744,2025-05,4.0,0.0,4.0,1,1,0,1,1
2000050539,2026-01,120.0,0.0,120.0,3,3,0,3,1
2000051688,2025-03,11.0,0.0,11.0,3,3,0,3,2
2000051688,2025-06,8.0,0.0,8.0,4,4,0,4,1
2000051688,2025-07,6.0,0.0,6.0,3,3,0,3,1
2000051688,2025-08,68.0,0.0,68.0,5,5,0,5,2
2000051688,2025-09,9.0,0.0,9.0,3,3,0,3,1
2000051819,2025-02,130.0,0.0,130.0,1,1,0,1,1
2000051819,2025-04,194.0,0.0,194.0,2,2,0,2,1
2000051819,2025-05,27339.0,0.0,27339.0,36,36,0,33,3
2000051819,2025-06,413.0,0.0,413.0,6,6,0,6,1
2000051819,2025-07,100.0,0.0,100.0,1,1,0,1,1
2000051819,2025-09,350.0,350.0,0.0,4,2,2,2,1
2000051819,2025-10,496.0,50.0,446.0,12,11,1,6,8
2000051819,2025-11,1095.0,500.0,595.0,7,6,1,6,3
2000051819,2025-12,228.0,0.0,228.0,4,4,0,4,3
2000051819,2026-02,1000.0,0.0,1000.0,1,1,0,1,1
2000052820,2025-05,1.0,0.0,1.0,1,1,0,1,1
2000052821,2025-05,2769.0,0.0,2769.0,15,15,0,13,1
2000052821,2025-12,0.0,2769.0,-2769.0,15,0,15,13,1
2000052822,2025-05,2.0,0.0,2.0,2,2,0,2,1
2000053536,2025-03,9.0,0.0,9.0,2,2,0,1,1
2000053536,2025-05,8.0,0.0,8.0,2,2,0,1,1
2000053536,2025-06,4.0,0.0,4.0,1,1,0,1,1
2000053536,2025-07,4.0,0.0,4.0,1,1,0,1,1
2000053536,2025-08,4.0,0.0,4.0,1,1,0,1,1
2000053536,2025-09,4.0,0.0,4.0,1,1,0,1,1
2000053536,2025-10,4.0,0.0,4.0,1,1,0,1,1
2000053536,2025-11,4.0,0.0,4.0,1,1,0,1,1
2000053536,2025-12,20.0,16.0,4.0,3,2,1,1,1
2000053536,2026-02,4.0,0.0,4.0,1,1,0,1,1
2000054285,2025-05,540694.27,0.0,540694.27,73,73,0,62,1
2000055327,2025-08,0.0,0.0,0.0,1,1,0,0,1
2000055641,2025-03,370.0,0.0,370.0,2,2,0,1,2
2000055641,2025-04,5153.54,0.0,5153.54,5,5,0,4,5
2000055641,2025-05,446.0,0.0,446.0,3,3,0,2,3
2000055641,2025-10,2972.0,0.0,2972.0,2,2,0,2,2
2000056115,2025-04,0.0,0.0,0.0,6,6,0,0,1
2000059045,2025-02,25902.0,0.0,25902.0,14,14,0,12,6
2000059045,2025-03,38434.0,240.0,38194.0,44,42,2,40,10
2000059045,2025-04,60150.0,3.0,60147.0,133,132,1,55,13
2000059045,2025-05,22345.0,0.0,22345.0,106,106,0,35,11
2000059045,2025-06,12204.0,1.0,12203.0,27,26,1,25,8
2000059045,2025-07,10594.0,0.0,10594.0,11,11,0,10,6
2000059045,2025-08,11488.0,2996.0,8492.0,22,21,1,19,7
2000059045,2025-09,19215.0,0.0,19215.0,21,21,0,21,6
2000059045,2025-10,1969.0,14.0,1955.0,18,17,1,15,9
2000059045,2025-11,7570.0,10.0,7560.0,48,47,1,17,27
2000059045,2025-12,1176.0,0.0,1176.0,8,8,0,7,5
2000059045,2026-01,77.0,0.0,77.0,9,9,0,5,7
2000059045,2026-02,30.0,0.0,30.0,1,1,0,1,1
2000061556,2025-04,0.0,2180.0,-2180.0,87,0,87,63,1
2000061556,2025-05,232.0,28.0,204.0,16,14,2,15,2
2000067889,2025-02,41.0,0.0,41.0,1,1,0,1,1
2000067889,2025-03,752.0,0.0,752.0,48,48,0,47,2
2000067889,2025-04,360.0,0.0,360.0,44,44,0,44,2
2000067889,2025-05,716.0,0.0,716.0,44,44,0,44,2
2000067889,2025-06,716.0,0.0,716.0,44,44,0,44,2
2000067889,2025-07,358.0,0.0,358.0,44,44,0,44,2
2000067889,2025-08,358.0,0.0,358.0,44,44,0,44,2
2000067889,2025-09,714.0,0.0,714.0,46,46,0,46,3
2000067889,2025-10,328.0,0.0,328.0,42,42,0,42,2
2000071093,2025-05,977.0,0.0,977.0,4,4,0,4,1
2000071463,2025-03,2.0,2.0,0.0,4,2,2,1,2
2000071463,2025-05,0.0,36256.0,-36256.0,680,0,680,142,6
2000071463,2025-09,117879.7,0.0,117879.7,2771,2771,0,947,5
2000071463,2025-10,63789.5,30444.5,33345.0,1705,1067,638,718,3
2000072566,2025-02,318.0,0.0,318.0,20,20,0,20,4
2000072566,2025-03,600.0,0.0,600.0,35,35,0,34,2
2000072566,2025-04,787.0,0.0,787.0,23,23,0,22,3
2000072566,2025-05,77.0,0.0,77.0,15,15,0,12,9
2000072566,2025-06,3540.0,24.0,3516.0,52,51,1,38,4
2000072566,2025-07,1226.0,0.0,1226.0,69,69,0,52,4
2000072566,2025-08,104.0,0.0,104.0,3,3,0,2,2
2000072566,2025-09,4707.0,0.0,4707.0,30,30,0,23,9
2000072566,2025-10,192.0,0.0,192.0,1,1,0,1,1
2000072566,2025-11,203.0,0.0,203.0,23,23,0,9,8
2000072566,2025-12,50.0,0.0,50.0,2,2,0,2,1
2000073976,2025-02,4.0,1.0,3.0,2,1,1,2,2
2000073976,2025-03,20.0,11.0,9.0,8,7,1,5,6
2000073976,2025-04,742.0,0.0,742.0,11,11,0,11,4
2000073976,2025-05,957.0,0.0,957.0,32,32,0,22,2
2000073976,2025-06,18362.0,0.0,18362.0,32,32,0,32,1
2000073976,2025-07,2.0,0.0,2.0,1,1,0,1,1
2000077242,2025-05,0.0,0.0,0.0,3,3,0,0,1
2000077242,2025-08,0.0,0.0,0.0,1,1,0,0,1
2000077242,2025-09,0.0,0.0,0.0,1,1,0,0,1
2000077242,2026-01,0.0,0.0,0.0,3,3,0,0,2
2000077594,2025-02,40.0,0.0,40.0,3,3,0,3,1
2000077594,2025-03,84.0,0.0,84.0,4,4,0,4,2
2000077594,2025-04,69.0,0.0,69.0,8,8,0,4,6
2000077594,2025-05,92.0,0.0,92.0,4,4,0,4,2
2000077594,2025-06,68.0,0.0,68.0,3,3,0,3,1
2000077594,2025-07,109.0,0.0,109.0,10,10,0,7,6
2000077594,2025-08,62.0,0.0,62.0,3,3,0,3,1
2000077594,2025-09,110.0,0.0,110.0,6,6,0,6,2
2000077594,2025-10,188.0,20.0,168.0,11,10,1,6,3
2000077594,2025-11,70.0,0.0,70.0,5,5,0,4,3
2000077594,2025-12,192.0,0.0,192.0,7,7,0,3,1
2000081442,2025-02,649.0,0.0,649.0,4,4,0,3,1
2000081442,2025-03,362.0,0.0,362.0,2,2,0,2,1
2000081442,2025-04,33849.0,0.0,33849.0,15,15,0,13,2
2000081442,2025-07,92.0,0.0,92.0,2,2,0,2,1
2000082994,2025-03,0.0,0.0,0.0,2,2,0,0,1
2000082994,2025-06,0.0,0.0,0.0,3,3,0,0,2
2000082994,2025-10,0.0,0.0,0.0,1,1,0,0,1
2000087614,2025-02,30.0,0.0,30.0,4,4,0,4,1
2000087614,2025-04,402.0,0.0,402.0,8,8,0,8,2
2000087614,2025-06,67.0,0.0,67.0,3,3,0,3,3
2000087614,2025-07,11.0,0.0,11.0,1,1,0,1,1
2000087614,2025-08,1411.0,12.0,1399.0,246,245,1,60,1
2000087614,2025-09,1687.0,0.0,1687.0,364,364,0,75,2
2000087614,2025-10,1592.0,0.0,1592.0,310,310,0,76,4
2000087614,2025-12,1545.0,1.0,1544.0,307,306,1,76,2
2000087614,2026-01,1587.0,0.0,1587.0,307,307,0,78,2
2000090776,2025-02,0.0,0.0,0.0,2,2,0,0,2
2000090776,2025-05,0.0,0.024,-0.024,1,0,1,1,1
2000090776,2025-07,0.0,0.0,0.0,2,2,0,0,1
2000090776,2025-08,9.0,0.0,9.0,4,2,2,2,2
2000090776,2025-09,0.0,0.0,0.0,1,1,0,0,1
2000090776,2025-10,54.0,54.0,0.0,6,4,2,2,3
2000090818,2025-05,1153.0,0.0,1153.0,5,5,0,5,1
2000104029,2025-05,0.0,27.0,-27.0,1,0,1,1,1
2000104031,2025-02,17260.0,0.0,17260.0,10,10,0,5,5
2000104031,2025-07,9463.0,0.0,9463.0,4,4,0,3,3
2000104031,2025-08,1349.0,0.0,1349.0,2,2,0,2,1
2000104031,2025-12,10572.0,0.0,10572.0,3,3,0,3,1
2000104031,2026-01,15558.0,0.0,15558.0,6,6,0,6,3
2000107050,2025-02,8.0,0.0,8.0,2,2,0,2,1
2000107050,2025-03,12.0,0.0,12.0,2,2,0,2,1
2000107050,2025-09,8.0,0.0,8.0,2,2,0,2,1
2000107050,2025-10,10.0,0.0,10.0,2,2,0,2,1
2000107050,2025-12,16.0,0.0,16.0,2,2,0,2,1
2000107050,2026-02,8.0,0.0,8.0,2,2,0,2,1
2000112440,2025-04,0.0,0.0,0.0,4,4,0,0,1
2000114038,2025-06,0.0,0.0,0.0,2,2,0,0,1
2000119277,2025-08,0.0,0.0,0.0,2,2,0,0,1
2000121455,2025-07,51645.0,0.0,51645.0,45,45,0,45,1
2000121455,2025-09,0.0,10248.0,-10248.0,2,0,2,2,1
2000122483,2025-11,125.0,0.0,125.0,16,16,0,8,1
2000122761,2025-10,801.0,24.0,777.0,8,7,1,6,1
2000122761,2025-11,633.0,0.0,633.0,3,3,0,3,1
